{
  "queries": [
    {
      "name": "system_info",
      "query": "SELECT hardware_model AS device_model, hostname AS device_name, hardware_vendor AS device_manufacturer, hardware_version AS device_architecture, hardware_serial AS serial_number, cpu_brand AS processor_type, uuid AS device_uuid FROM system_info;"
    },
    {
      "name": "os_info",
      "query": "SELECT name AS os_type, version AS os_version FROM os_version;"
    },
    {
      "name": "last_update",
      "query": "SELECT MAX(installed_on) AS last_update_date FROM patches WHERE installed_on IS NOT NULL;"
    },
    {
      "name": "cpu_usage",
      "query": "SELECT load_percentage AS cpu_usage FROM cpu_info;"
    },
    {
      "name": "ram_info",
      "query": "SELECT ROUND(physical_memory / (1024 * 1024 * 1024), 2) AS total_ram_gb FROM system_info;"
    },
    {
      "name": "disk_info",
      "query": "SELECT name AS drive_name, manufacturer AS hard_drive_manufacturer, type AS hard_drive_type, ROUND(disk_size / (1024 * 1024 * 1024), 2) AS total_hard_drive_capacity_gb FROM disk_info;"
    },
    {
      "name": "disk_space",
      "query": "SELECT ROUND(SUM(free_space) / (1024 * 1024 * 1024), 2) AS total_hard_drive_free_space_gb, ROUND(SUM(size - free_space) / (1024 * 1024 * 1024), 2) AS tota_hard_drive_occupied_space_gb FROM logical_drives;"
    },
    {
      "name": "network_info",
      "query": "SELECT address AS local_ip_address, mask AS subnet_mask, interface AS interface_name FROM interface_addresses;"
    },
    {
      "name": "gateway_info",
      "query": "SELECT interface, gateway AS gateway_address FROM routes WHERE destination = '0.0.0.0';"
    },
    {
      "name": "mac_info",
      "query": "SELECT mac AS mac_address FROM interface_details;"
    },
    {
      "name": "vpn_info",
      "query": "SELECT name AS vpn_name, pid, CASE WHEN state = 'ESTABLISHED' THEN 'Connected' ELSE 'Disconnected' END AS vpn_status FROM processes WHERE name LIKE '%vpn%';"
    },
    {
      "name": "update_status",
      "query": "SELECT COUNT(*) AS pending_updates_count, CASE WHEN COUNT(*) > 0 THEN 'Pending Updates' ELSE 'Up to Date' END AS update_status FROM patches WHERE installed_on IS NULL;"
    },
    {
      "name": "pending_updates",
      "query": "SELECT hotfix_id AS update_id, description AS update_type FROM patches WHERE installed_on = 0;"
    },
    {
      "name": "os_info",
      "query": "SELECT name AS os_type, version AS os_version FROM os_version;"
    },
    {
      "name": "chassis_info",
      "query": "SELECT chassis_types AS device_type FROM chassis_info;"
    }
  ],
  "minimalInfo": [
    {
      "name": "system_info",
      "query": "SELECT hardware_model AS device_model, hostname AS device_name, uuid AS device_uuid FROM system_info;"
    }
  ]
}


